|timestamp|open|close|low|high|volume
0|2023-10-13 00:00:00|26745.49|26752.21|26741.64|26753.11|20.25384907
1|2023-10-13 00:05:00|26752.21|26781.24|26748.89|26789.0|23.79043437
2|2023-10-13 00:10:00|26782.51|26793.37|26767.82|26798.28|23.14155058
3|2023-10-13 00:15:00|26793.58|26817.95|26793.57|26840.3|89.27528359
4|2023-10-13 00:20:00|26817.95|26825.16|26817.95|26836.1|14.360626320000001
5|2023-10-13 00:25:00|26825.16|26832.03|26803.87|26832.63|13.147285340000002
6|2023-10-13 00:30:00|26832.06|26837.35|26827.97|26851.42|18.57176133
7|2023-10-13 00:35:00|26837.33|26812.7|26799.46|26844.57|9.512641859999999
8|2023-10-13 00:40:00|26811.01|26821.15|26805.93|26830.04|9.708928839999999
9|2023-10-13 00:45:00|26821.14|26811.31|26811.0|26831.52|7.638907270000001
10|2023-10-13 00:50:00|26811.31|26808.66|26795.81|26813.53|12.83679158
11|2023-10-13 00:55:00|26807.27|26821.91|26799.1|26825.01|19.998350470000002
12|2023-10-13 01:00:00|26821.92|26834.04|26816.55|26838.33|17.45695877
13|2023-10-13 01:05:00|26834.03|26816.4|26816.38|26871.0|26.34632577
14|2023-10-13 01:10:00|26813.17|26826.81|26807.68|26826.81|12.538707169999999
15|2023-10-13 01:15:00|26826.81|26802.0|26801.94|26828.73|16.458263449999997
16|2023-10-13 01:20:00|26803.37|26800.23|26797.1|26806.99|7.428524550000001
17|2023-10-13 01:25:00|26800.22|26802.39|26795.0|26805.25|10.15203742
18|2023-10-13 01:30:00|26802.39|26824.06|26798.21|26830.88|14.271919539999999
19|2023-10-13 01:35:00|26824.06|26813.83|26806.04|26824.06|13.88701088
20|2023-10-13 01:40:00|26814.26|26813.22|26803.53|26829.17|55.865754009999996
21|2023-10-13 01:45:00|26813.23|26804.05|26803.13|26818.45|20.90049401
22|2023-10-13 01:50:00|26804.05|26805.32|26804.05|26814.26|6.2478069099999995
23|2023-10-13 01:55:00|26805.31|26785.96|26778.9|26805.32|24.39137015
24|2023-10-13 02:00:00|26785.95|26778.78|26776.19|26794.82|13.027794440000001
25|2023-10-13 02:05:00|26778.79|26788.81|26778.59|26794.52|16.81061857
26|2023-10-13 02:10:00|26787.67|26781.43|26780.72|26794.82|12.62427696
27|2023-10-13 02:15:00|26783.32|26788.97|26778.44|26799.21|11.35050659
28|2023-10-13 02:20:00|26788.97|26797.51|26788.4|26798.9|7.682565589999999
29|2023-10-13 02:25:00|26797.5|26794.59|26789.95|26799.69|10.114411659999998
30|2023-10-13 02:30:00|26794.6|26784.54|26784.32|26797.97|5.19855821
31|2023-10-13 02:35:00|26784.54|26789.99|26773.83|26789.99|7.75747493
32|2023-10-13 02:40:00|26789.99|26789.88|26785.81|26795.35|18.174017990000003
33|2023-10-13 02:45:00|26789.88|26782.86|26778.06|26795.6|5.6704352600000005
34|2023-10-13 02:50:00|26782.85|26792.76|26780.45|26799.91|19.65063948
35|2023-10-13 02:55:00|26792.75|26797.92|26792.75|26802.56|23.20865138
36|2023-10-13 03:00:00|26797.9|26810.01|26796.8|26812.65|17.80222747
37|2023-10-13 03:05:00|26809.71|26808.5|26807.1|26814.6|7.81944049
38|2023-10-13 03:10:00|26808.5|26819.88|26802.57|26821.81|50.15397042
39|2023-10-13 03:15:00|26819.89|26799.0|26798.59|26824.94|15.47260698
40|2023-10-13 03:20:00|26798.99|26793.32|26790.2|26808.01|21.235711279999997
41|2023-10-13 03:25:00|26793.32|26789.67|26786.34|26795.37|6.6500444299999995
42|2023-10-13 03:30:00|26789.67|26781.72|26779.33|26791.74|11.780952000000001
43|2023-10-13 03:35:00|26781.73|26772.32|26767.19|26781.73|10.80897433
44|2023-10-13 03:40:00|26772.31|26774.63|26767.28|26780.71|11.441040030000002
45|2023-10-13 03:45:00|26774.12|26768.58|26761.26|26778.62|17.44738704
46|2023-10-13 03:50:00|26769.53|26767.9|26758.87|26778.0|29.329586759999998
47|2023-10-13 03:55:00|26767.9|26773.14|26763.18|26777.0|25.88913865
48|2023-10-13 04:00:00|26773.95|26769.02|26765.82|26779.32|35.57997661
49|2023-10-13 04:05:00|26769.01|26782.19|26769.0|26782.19|17.34921386
50|2023-10-13 04:10:00|26782.19|26785.63|26779.57|26788.39|8.23238271
51|2023-10-13 04:15:00|26785.62|26786.64|26780.96|26790.9|12.38655223
52|2023-10-13 04:20:00|26786.63|26792.8|26785.23|26792.81|8.51461328
53|2023-10-13 04:25:00|26792.81|26785.78|26785.77|26799.75|11.81503764
54|2023-10-13 04:30:00|26785.77|26792.29|26780.07|26796.94|5.64873907
55|2023-10-13 04:35:00|26792.28|26781.87|26781.78|26793.55|8.05380418
56|2023-10-13 04:40:00|26781.86|26785.19|26777.8|26787.32|5.336514310000001
57|2023-10-13 04:45:00|26785.74|26785.39|26776.31|26789.47|4.891733050000001
58|2023-10-13 04:50:00|26785.39|26793.8|26785.39|26798.06|8.66589111
59|2023-10-13 04:55:00|26793.8|26793.83|26784.43|26796.76|6.9033444600000005
60|2023-10-13 05:00:00|26794.11|26808.19|26793.5|26811.71|29.86272846
61|2023-10-13 05:05:00|26808.18|26798.0|26794.05|26808.19|18.238401529999997
62|2023-10-13 05:10:00|26798.0|26804.9|26791.78|26806.68|7.84511763
63|2023-10-13 05:15:00|26804.9|26803.81|26802.33|26812.82|5.7980542900000005
64|2023-10-13 05:20:00|26803.8|26787.72|26787.39|26803.8|5.38994237
65|2023-10-13 05:25:00|26787.52|26789.76|26781.34|26793.68|11.474438079999999
66|2023-10-13 05:30:00|26789.75|26789.56|26781.96|26791.2|7.24722668
67|2023-10-13 05:35:00|26789.56|26777.2|26776.98|26789.85|8.813893709999999
68|2023-10-13 05:40:00|26777.19|26785.63|26772.84|26789.35|5.705605610000001
69|2023-10-13 05:45:00|26785.63|26789.01|26784.91|26792.66|6.31198158
70|2023-10-13 05:50:00|26789.01|26810.43|26789.01|26820.43|12.188290339999998
71|2023-10-13 05:55:00|26811.1|26812.35|26807.97|26818.94|5.7629715
72|2023-10-13 06:00:00|26812.34|26798.8|26798.79|26817.52|8.92312305
73|2023-10-13 06:05:00|26798.79|26791.58|26791.01|26800.0|19.64415608
74|2023-10-13 06:10:00|26793.56|26794.92|26791.19|26798.79|4.15221569
75|2023-10-13 06:15:00|26794.92|26797.29|26793.69|26803.21|45.15637148
76|2023-10-13 06:20:00|26797.28|26798.28|26793.78|26799.57|2.71069137
77|2023-10-13 06:25:00|26798.28|26794.25|26791.48|26799.53|2.7976592399999998
78|2023-10-13 06:30:00|26794.24|26801.35|26794.24|26801.35|3.41003851
79|2023-10-13 06:35:00|26801.35|26822.45|26801.35|26822.62|4.86957073
80|2023-10-13 06:40:00|26822.21|26834.85|26822.19|26844.14|15.59376379
81|2023-10-13 06:45:00|26833.87|26830.74|26830.73|26848.98|15.25227333
82|2023-10-13 06:50:00|26830.74|26798.07|26794.5|26830.74|12.386556780000001
83|2023-10-13 06:55:00|26798.37|26797.17|26794.54|26802.57|3.5214364
84|2023-10-13 07:00:00|26797.16|26823.49|26797.16|26829.63|9.045279579999999
85|2023-10-13 07:05:00|26824.41|26848.75|26819.18|26848.85|14.52079043
86|2023-10-13 07:10:00|26846.98|26860.11|26844.05|26872.21|36.02042337
87|2023-10-13 07:15:00|26860.11|26884.26|26843.4|26889.95|66.15541443
88|2023-10-13 07:20:00|26883.15|26869.24|26856.48|26891.72|18.6829681
89|2023-10-13 07:25:00|26868.64|26874.45|26865.01|26887.86|15.467530049999999
90|2023-10-13 07:30:00|26874.44|26916.54|26874.44|26933.3|64.79794482
91|2023-10-13 07:35:00|26915.04|26886.06|26870.04|26915.72|49.987087009999996
92|2023-10-13 07:40:00|26887.44|26867.84|26867.83|26891.22|16.74452564
93|2023-10-13 07:45:00|26867.87|26851.82|26838.8|26871.52|24.25963456
94|2023-10-13 07:50:00|26851.82|26854.57|26839.12|26855.65|19.21970243
95|2023-10-13 07:55:00|26855.59|26863.22|26851.81|26868.34|14.651038069999998
96|2023-10-13 08:00:00|26862.69|26883.96|26862.68|26888.49|20.96387413
97|2023-10-13 08:05:00|26883.77|26875.33|26872.59|26897.52|17.52053598
98|2023-10-13 08:10:00|26875.33|26867.67|26866.98|26884.81|19.093499819999998
99|2023-10-13 08:15:00|26866.23|26847.35|26844.88|26880.5|19.31606289
100|2023-10-13 08:20:00|26846.63|26855.11|26837.29|26863.33|35.347712
101|2023-10-13 08:25:00|26855.1|26844.55|26839.12|26855.1|25.693974809999997
102|2023-10-13 08:30:00|26844.93|26827.37|26827.0|26849.78|29.617503329999998
103|2023-10-13 08:35:00|26827.37|26810.64|26805.01|26833.01|14.85062206
104|2023-10-13 08:40:00|26810.99|26797.61|26797.61|26816.01|8.061277429999999
105|2023-10-13 08:45:00|26797.6|26793.68|26789.03|26807.97|16.20729197
106|2023-10-13 08:50:00|26793.68|26793.1|26785.0|26800.95|5.407140169999999
107|2023-10-13 08:55:00|26792.52|26788.86|26787.52|26796.14|4.66360074
108|2023-10-13 09:00:00|26787.81|26793.55|26785.01|26805.05|10.15311308
109|2023-10-13 09:05:00|26792.5|26780.52|26774.99|26793.86|8.08160116
110|2023-10-13 09:10:00|26778.33|26795.15|26775.68|26796.11|5.49494509
111|2023-10-13 09:15:00|26795.15|26806.14|26791.69|26810.05|8.972385130000001
112|2023-10-13 09:20:00|26806.13|26807.73|26798.11|26809.31|2.9133107799999998
113|2023-10-13 09:25:00|26807.73|26810.49|26804.98|26815.78|18.359012149999998
114|2023-10-13 09:30:00|26810.19|26785.16|26785.15|26814.44|6.2291760400000005
115|2023-10-13 09:35:00|26785.16|26768.67|26763.31|26785.16|17.42827522
116|2023-10-13 09:40:00|26768.66|26763.05|26751.51|26769.88|11.90486036
117|2023-10-13 09:45:00|26763.04|26765.9|26751.45|26768.59|12.46840294
118|2023-10-13 09:50:00|26765.9|26755.14|26750.62|26770.03|4.011585370000001
119|2023-10-13 09:55:00|26755.13|26729.0|26727.27|26760.9|28.47645216
120|2023-10-13 10:00:00|26728.99|26745.27|26728.99|26748.87|10.78399817
121|2023-10-13 10:05:00|26745.28|26748.94|26744.58|26749.0|15.49742813
122|2023-10-13 10:10:00|26748.94|26749.81|26743.76|26765.76|17.849661349999998
123|2023-10-13 10:15:00|26749.82|26748.12|26746.64|26764.49|13.378806990000001
124|2023-10-13 10:20:00|26748.44|26771.65|26748.39|26771.65|8.358003969999999
125|2023-10-13 10:25:00|26772.05|26761.52|26755.41|26772.05|7.57462985
126|2023-10-13 10:30:00|26761.52|26774.44|26761.51|26775.52|8.553398660000001
127|2023-10-13 10:35:00|26774.43|26772.91|26766.15|26775.9|13.055292220000002
128|2023-10-13 10:40:00|26773.03|26758.43|26754.0|26773.13|7.852623980000001
129|2023-10-13 10:45:00|26758.43|26772.08|26758.42|26776.01|19.57940941
130|2023-10-13 10:50:00|26772.07|26760.23|26756.83|26772.07|11.9302755
131|2023-10-13 10:55:00|26760.22|26766.11|26757.02|26766.47|5.91850328
132|2023-10-13 11:00:00|26766.11|26777.94|26766.11|26779.33|11.137211700000002
133|2023-10-13 11:05:00|26777.93|26793.11|26776.68|26793.11|12.91478663
134|2023-10-13 11:10:00|26793.11|26821.88|26785.92|26824.91|23.97356241
135|2023-10-13 11:15:00|26821.9|26793.94|26793.94|26824.22|5.14158394
136|2023-10-13 11:20:00|26793.94|26816.67|26784.93|26824.17|20.87607936
137|2023-10-13 11:25:00|26816.67|26826.73|26810.67|26826.73|23.6549177
138|2023-10-13 11:30:00|26825.57|26830.05|26808.48|26833.23|10.338587830000002
139|2023-10-13 11:35:00|26830.05|26834.35|26827.19|26843.82|14.43480165
140|2023-10-13 11:40:00|26834.31|26814.83|26814.79|26839.2|19.17791974
141|2023-10-13 11:45:00|26814.85|26811.19|26801.51|26814.89|11.63960739
142|2023-10-13 11:50:00|26811.18|26806.65|26797.63|26815.66|11.76675732
143|2023-10-13 11:55:00|26806.65|26807.71|26804.05|26820.11|26.623035780000002
144|2023-10-13 12:00:00|26808.12|26784.12|26780.84|26820.83|36.36720685
145|2023-10-13 12:05:00|26784.28|26766.46|26749.15|26789.0|40.3753212
146|2023-10-13 12:10:00|26765.55|26835.97|26763.72|26849.73|54.714710960000005
147|2023-10-13 12:15:00|26835.97|26832.37|26817.49|26853.3|19.86030452
148|2023-10-13 12:20:00|26831.47|26847.04|26825.76|26870.29|16.52007244
149|2023-10-13 12:25:00|26847.05|26846.71|26838.92|26861.34|15.229051849999998
150|2023-10-13 12:30:00|26846.71|26894.24|26846.49|26894.24|40.818091460000005
151|2023-10-13 12:35:00|26894.24|26880.52|26865.67|26902.96|56.12766233
152|2023-10-13 12:40:00|26879.99|26865.1|26861.39|26892.2|62.332073349999995
153|2023-10-13 12:45:00|26865.1|26875.83|26846.06|26879.9|48.16926236
154|2023-10-13 12:50:00|26875.83|26918.37|26872.8|26933.45|127.14985967000001
155|2023-10-13 12:55:00|26918.36|26929.68|26906.56|26936.65|86.53880129
156|2023-10-13 13:00:00|26929.68|26864.69|26848.55|26957.45|109.00570951
157|2023-10-13 13:05:00|26863.96|26879.85|26852.35|26902.1|46.61918167
158|2023-10-13 13:10:00|26879.84|26878.39|26859.78|26893.62|36.997446
159|2023-10-13 13:15:00|26878.39|26858.09|26856.68|26885.65|39.50634458
160|2023-10-13 13:20:00|26857.09|26873.52|26850.83|26876.7|71.06376639
161|2023-10-13 13:25:00|26874.62|26872.45|26866.12|26886.01|27.12618019
162|2023-10-13 13:30:00|26872.18|26842.96|26842.36|26892.02|43.231192119999996
163|2023-10-13 13:35:00|26842.39|26865.08|26830.48|26868.75|62.1782381
164|2023-10-13 13:40:00|26865.07|26840.21|26838.11|26881.04|50.09680347999999
165|2023-10-13 13:45:00|26840.2|26865.57|26825.26|26867.23|39.468764820000004
166|2023-10-13 13:50:00|26865.57|26849.13|26840.72|26878.85|42.074209530000005
167|2023-10-13 13:55:00|26849.12|26851.89|26848.47|26865.23|21.30324989
168|2023-10-13 14:00:00|26851.08|26832.56|26803.86|26851.08|54.83696562
169|2023-10-13 14:05:00|26832.56|26838.54|26802.42|26848.8|40.96979115
170|2023-10-13 14:10:00|26838.53|26809.03|26806.25|26838.53|24.56662844
171|2023-10-13 14:15:00|26809.03|26802.07|26798.5|26817.61|27.91847549
172|2023-10-13 14:20:00|26803.56|26790.1|26788.91|26815.25|42.87451558
173|2023-10-13 14:25:00|26791.4|26791.6|26788.01|26813.0|28.875456550000003
174|2023-10-13 14:30:00|26790.54|26804.97|26779.5|26807.27|26.4637537
175|2023-10-13 14:35:00|26804.11|26796.46|26788.69|26807.53|21.60912718
176|2023-10-13 14:40:00|26796.47|26814.35|26787.06|26815.33|30.22599469
177|2023-10-13 14:45:00|26814.94|26803.38|26793.4|26821.16|32.09239706
178|2023-10-13 14:50:00|26801.64|26770.41|26732.26|26801.71|59.33102602000001
179|2023-10-13 14:55:00|26770.41|26748.27|26727.92|26770.41|62.72795652
180|2023-10-13 15:00:00|26747.65|26760.0|26722.26|26772.99|57.060600810000004
181|2023-10-13 15:05:00|26760.0|26756.49|26731.56|26760.0|48.93471931
182|2023-10-13 15:10:00|26756.48|26751.47|26739.16|26765.43|34.06511926
183|2023-10-13 15:15:00|26749.93|26762.5|26746.12|26773.56|32.915050040000004
184|2023-10-13 15:20:00|26760.5|26693.39|26685.0|26763.16|62.20897572
185|2023-10-13 15:25:00|26695.97|26721.24|26682.42|26725.51|71.96659497
186|2023-10-13 15:30:00|26720.51|26696.19|26692.99|26727.52|27.326961880000002
187|2023-10-13 15:35:00|26696.2|26706.15|26695.52|26722.49|37.968058490000004
188|2023-10-13 15:40:00|26707.62|26711.93|26693.48|26722.11|43.831320319999996
189|2023-10-13 15:45:00|26711.94|26691.5|26690.0|26724.23|39.39655653
190|2023-10-13 15:50:00|26691.5|26698.34|26671.19|26700.97|57.74709661999999
191|2023-10-13 15:55:00|26698.25|26691.51|26685.93|26710.05|65.89080025999999
192|2023-10-13 16:00:00|26691.19|26699.52|26686.1|26704.44|27.430187120000006
193|2023-10-13 16:05:00|26699.52|26723.4|26697.87|26733.01|30.62731695
194|2023-10-13 16:10:00|26723.4|26729.0|26717.07|26731.98|15.04544172
195|2023-10-13 16:15:00|26729.93|26737.0|26725.66|26748.47|28.048429730000002
196|2023-10-13 16:20:00|26737.01|26759.81|26735.77|26766.96|63.74535301
197|2023-10-13 16:25:00|26759.81|26766.42|26742.6|26774.67|44.45306653
198|2023-10-13 16:30:00|26767.83|26797.3|26732.79|26799.08|65.12834838
199|2023-10-13 16:35:00|26797.29|26781.63|26769.83|26799.75|38.12044481
200|2023-10-13 16:40:00|26781.62|26790.85|26771.5|26792.84|28.58968699
201|2023-10-13 16:45:00|26792.84|26769.48|26769.47|26798.25|18.93262185
202|2023-10-13 16:50:00|26769.47|26777.33|26758.14|26794.34|32.83202242
203|2023-10-13 16:55:00|26777.33|26786.76|26774.92|26792.48|31.86506724
204|2023-10-13 17:00:00|26786.75|26781.48|26774.64|26791.82|24.20404482
205|2023-10-13 17:05:00|26781.47|26755.42|26750.39|26784.1|28.64611965
206|2023-10-13 17:10:00|26754.47|26735.05|26728.08|26759.95|35.61810594
207|2023-10-13 17:15:00|26736.33|26735.69|26725.45|26739.86|22.900119789999998
208|2023-10-13 17:20:00|26735.69|26742.35|26734.17|26765.39|27.66730072
209|2023-10-13 17:25:00|26741.66|26712.37|26711.4|26744.59|19.30736766
210|2023-10-13 17:30:00|26712.37|26682.99|26662.62|26714.33|106.69901607
211|2023-10-13 17:35:00|26682.99|26719.72|26682.98|26720.22|45.407271419999994
212|2023-10-13 17:40:00|26719.72|26742.72|26719.1|26754.14|42.9697404
213|2023-10-13 17:45:00|26742.71|26740.96|26726.52|26751.76|29.156084200000002
214|2023-10-13 17:50:00|26741.29|26748.98|26739.98|26753.59|27.521004029999997
215|2023-10-13 17:55:00|26749.31|26760.06|26747.5|26763.94|47.06683662
216|2023-10-13 18:00:00|26760.06|26762.63|26752.38|26766.55|39.11701155
217|2023-10-13 18:05:00|26762.63|26763.28|26755.01|26780.97|41.81933354
218|2023-10-13 18:10:00|26763.28|26767.85|26758.07|26772.68|17.57201843
219|2023-10-13 18:15:00|26767.84|26770.73|26750.28|26775.7|29.85536767
220|2023-10-13 18:20:00|26770.73|26746.59|26746.59|26772.4|17.843802070000002
221|2023-10-13 18:25:00|26746.6|26749.87|26742.6|26755.24|22.85785468
222|2023-10-13 18:30:00|26749.87|26758.52|26745.83|26764.93|24.101011
223|2023-10-13 18:35:00|26758.52|26721.76|26720.15|26761.34|48.96807922
224|2023-10-13 18:40:00|26721.77|26727.08|26721.76|26745.38|16.29695415
225|2023-10-13 18:45:00|26727.09|26727.95|26724.44|26741.78|32.09175286999999
226|2023-10-13 18:50:00|26727.96|26735.73|26726.4|26747.56|13.847868870000001
227|2023-10-13 18:55:00|26735.73|26736.7|26730.0|26744.47|22.35239069
228|2023-10-13 19:00:00|26736.71|26749.0|26728.0|26752.37|20.43845807
229|2023-10-13 19:05:00|26748.22|26733.87|26710.42|26748.23|65.31052750999999
230|2023-10-13 19:10:00|26733.87|26755.6|26726.0|26761.61|41.57763255
231|2023-10-13 19:15:00|26755.59|26755.43|26747.0|26766.06|27.07372605
232|2023-10-13 19:20:00|26754.04|26766.88|26754.04|26770.75|18.878677180000004
233|2023-10-13 19:25:00|26766.89|26767.77|26760.57|26769.96|21.44761495
234|2023-10-13 19:30:00|26767.77|26735.66|26735.66|26770.99|24.77225512
235|2023-10-13 19:35:00|26735.66|26746.14|26735.65|26755.12|30.06188302
236|2023-10-13 19:40:00|26745.97|26731.45|26727.66|26746.26|18.24943893
237|2023-10-13 19:45:00|26732.72|26767.49|26730.93|26767.83|26.005467
238|2023-10-13 19:50:00|26767.05|26752.54|26752.54|26774.91|30.284762719999996
239|2023-10-13 19:55:00|26751.0|26773.0|26746.0|26774.88|19.553252309999998
240|2023-10-13 20:00:00|26771.54|26783.66|26763.97|26794.37|35.34730361
241|2023-10-13 20:05:00|26783.65|26766.58|26762.51|26783.86|16.33693623
242|2023-10-13 20:10:00|26766.03|26759.72|26759.62|26768.5|11.86781167
243|2023-10-13 20:15:00|26759.72|26751.27|26737.0|26759.72|13.35088381
244|2023-10-13 20:20:00|26751.31|26756.27|26751.3|26760.48|15.345115299999998
245|2023-10-13 20:25:00|26756.3|26757.5|26755.41|26765.79|14.71108185
246|2023-10-13 20:30:00|26757.49|26748.43|26738.94|26757.5|9.96241501
247|2023-10-13 20:35:00|26748.44|26766.15|26747.4|26768.62|17.732438180000003
248|2023-10-13 20:40:00|26766.15|26764.67|26758.1|26768.37|13.28266043
249|2023-10-13 20:45:00|26764.16|26753.44|26750.24|26768.44|11.952299739999999
250|2023-10-13 20:50:00|26753.44|26944.17|26750.33|27066.31|496.04016482
251|2023-10-13 20:55:00|26945.82|26976.87|26871.38|26993.67|153.5011296
252|2023-10-13 21:00:00|26974.05|27036.72|26972.07|27122.24|296.66509293999997
253|2023-10-13 21:05:00|27036.63|27016.03|27011.3|27059.56|92.55784763
254|2023-10-13 21:10:00|27016.02|26903.2|26869.11|27016.03|144.90381448
255|2023-10-13 21:15:00|26903.21|26935.85|26841.26|26949.39|120.25154995
256|2023-10-13 21:20:00|26938.08|26983.64|26903.86|27019.3|63.76255112
257|2023-10-13 21:25:00|26985.46|26993.4|26962.31|27039.21|43.738962029999996
258|2023-10-13 21:30:00|26992.97|26995.69|26983.1|27030.09|50.572480660000004
259|2023-10-13 21:35:00|26995.69|27032.29|26985.4|27045.49|50.90662361
260|2023-10-13 21:40:00|27032.29|27011.69|26995.51|27050.0|68.52564509
261|2023-10-13 21:45:00|27013.27|27040.44|27011.46|27040.45|37.92463974
262|2023-10-13 21:50:00|27040.44|27004.27|26991.92|27044.55|55.953320309999995
263|2023-10-13 21:55:00|27002.69|27013.28|27002.22|27027.84|10.779716109999999
264|2023-10-13 22:00:00|27013.28|27007.71|26997.31|27027.31|27.15996561
265|2023-10-13 22:05:00|27007.71|27052.77|27007.71|27078.81|60.19534105
266|2023-10-13 22:10:00|27052.76|27031.42|27017.79|27069.03|67.68038585000001
267|2023-10-13 22:15:00|27031.42|27049.92|27024.54|27059.0|37.40917118
268|2023-10-13 22:20:00|27049.83|27028.46|27025.55|27072.34|48.107338920000004
269|2023-10-13 22:25:00|27028.46|26983.1|26980.68|27034.15|36.01634626
270|2023-10-13 22:30:00|26985.61|26951.91|26937.31|26985.61|26.30327858
271|2023-10-13 22:35:00|26951.92|26907.32|26889.97|26965.45|44.752289250000004
272|2023-10-13 22:40:00|26907.32|26899.04|26862.18|26926.71|58.21011617
273|2023-10-13 22:45:00|26899.04|26867.44|26862.67|26924.46|41.40467025
274|2023-10-13 22:50:00|26867.44|26811.68|26806.03|26867.44|55.51340734
275|2023-10-13 22:55:00|26811.69|26828.89|26759.44|26835.21|40.020230500000004
276|2023-10-13 23:00:00|26829.33|26841.54|26804.77|26849.04|25.178138519999997
277|2023-10-13 23:05:00|26841.53|26802.23|26800.0|26857.98|23.965893660000006
278|2023-10-13 23:10:00|26802.23|26786.6|26768.56|26805.84|30.07570459
279|2023-10-13 23:15:00|26788.67|26811.9|26783.6|26832.25|28.04234503
280|2023-10-13 23:20:00|26811.89|26837.29|26808.67|26839.71|21.41489724
281|2023-10-13 23:25:00|26837.29|26829.02|26821.18|26843.2|9.17658754
282|2023-10-13 23:30:00|26829.02|26838.02|26823.61|26842.4|12.315608509999999
283|2023-10-13 23:35:00|26838.03|26842.82|26836.11|26853.01|21.37796869
284|2023-10-13 23:40:00|26841.78|26842.72|26837.6|26851.06|9.20418275
285|2023-10-13 23:45:00|26842.74|26844.24|26839.3|26850.66|20.417256369999997
286|2023-10-13 23:50:00|26844.24|26845.59|26839.97|26854.61|16.11339774
287|2023-10-13 23:55:00|26847.09|26863.53|26843.2|26868.73|15.55869714
288|2023-10-14 00:00:00|26863.54|26883.41|26853.23|26884.52|22.00644134
289|2023-10-14 00:05:00|26883.4|26877.61|26874.34|26889.33|11.15674177
290|2023-10-14 00:10:00|26877.61|26880.23|26872.83|26886.07|13.099281330000002
291|2023-10-14 00:15:00|26880.23|26864.66|26857.09|26881.5|14.955163839999999
292|2023-10-14 00:20:00|26864.67|26873.75|26854.69|26874.78|10.57495644
293|2023-10-14 00:25:00|26873.74|26888.74|26872.24|26888.74|6.5146036800000005
294|2023-10-14 00:30:00|26888.74|26881.13|26859.16|26888.74|23.82968919
295|2023-10-14 00:35:00|26881.67|26877.1|26874.86|26884.03|6.61953576
296|2023-10-14 00:40:00|26877.1|26886.93|26877.09|26887.81|8.1357533
297|2023-10-14 00:45:00|26886.92|26878.58|26876.76|26886.92|8.26537778
298|2023-10-14 00:50:00|26879.23|26886.91|26879.23|26892.51|9.26310533
299|2023-10-14 00:55:00|26886.91|26894.42|26886.9|26905.24|16.625748820000002
300|2023-10-14 01:00:00|26894.41|26891.12|26891.01|26897.79|15.18721928
301|2023-10-14 01:05:00|26891.11|26862.69|26861.52|26892.9|32.06233024
302|2023-10-14 01:10:00|26862.69|26852.23|26847.05|26864.48|18.8305042
303|2023-10-14 01:15:00|26852.23|26861.9|26852.23|26865.36|13.741022919999999
304|2023-10-14 01:20:00|26861.9|26854.69|26853.26|26864.84|12.02162146
305|2023-10-14 01:25:00|26854.69|26845.24|26842.21|26854.69|21.11529313
306|2023-10-14 01:30:00|26845.24|26850.24|26842.98|26852.96|9.99362367
307|2023-10-14 01:35:00|26850.24|26874.58|26850.24|26877.73|11.883237
308|2023-10-14 01:40:00|26874.58|26887.39|26872.37|26889.75|19.37836662
309|2023-10-14 01:45:00|26887.39|26894.14|26882.45|26902.67|14.334368069999998
310|2023-10-14 01:50:00|26894.14|26905.09|26889.02|26907.56|8.22144638
311|2023-10-14 01:55:00|26905.08|26912.4|26902.69|26926.96|23.33956275
312|2023-10-14 02:00:00|26912.41|26926.83|26912.22|26930.5|8.93963651
313|2023-10-14 02:05:00|26930.1|26903.82|26893.89|26934.74|25.12528487
314|2023-10-14 02:10:00|26903.83|26900.06|26892.31|26907.62|6.108211850000001
315|2023-10-14 02:15:00|26900.05|26899.73|26895.0|26908.41|7.97042598
316|2023-10-14 02:20:00|26899.73|26906.2|26891.13|26907.69|8.53993712
317|2023-10-14 02:25:00|26904.86|26903.09|26894.63|26905.68|8.13087973
318|2023-10-14 02:30:00|26903.09|26897.77|26892.26|26903.31|6.71157518
319|2023-10-14 02:35:00|26897.78|26913.95|26897.78|26922.06|11.673641049999999
320|2023-10-14 02:40:00|26913.95|26902.07|26891.83|26921.93|15.716597949999999
321|2023-10-14 02:45:00|26902.08|26915.15|26902.08|26916.35|14.439760839999998
322|2023-10-14 02:50:00|26915.15|26923.47|26913.67|26926.57|11.03988163
323|2023-10-14 02:55:00|26923.47|26908.44|26906.7|26923.47|10.21321422
324|2023-10-14 03:00:00|26909.0|26925.14|26909.0|26926.28|13.551333790000001
325|2023-10-14 03:05:00|26925.13|26925.69|26920.01|26926.4|7.9300251
326|2023-10-14 03:10:00|26925.69|26928.45|26924.29|26932.27|5.41328277
327|2023-10-14 03:15:00|26928.45|26934.02|26923.82|26938.3|14.93036156
328|2023-10-14 03:20:00|26934.02|26941.05|26927.4|26941.05|10.72248514
329|2023-10-14 03:25:00|26941.04|26935.57|26932.99|26941.04|11.617076789999999
330|2023-10-14 03:30:00|26935.58|26943.55|26930.27|26944.67|14.313450569999999
331|2023-10-14 03:35:00|26943.55|26962.33|26938.68|26988.12|50.196232609999996
332|2023-10-14 03:40:00|26962.33|26965.48|26954.8|26970.88|14.125542119999999
333|2023-10-14 03:45:00|26965.04|26940.93|26936.81|26965.04|13.54521437
334|2023-10-14 03:50:00|26940.93|26933.06|26929.38|26942.44|7.65310285
335|2023-10-14 03:55:00|26933.05|26932.37|26927.18|26934.33|6.229018389999999
336|2023-10-14 04:00:00|26932.37|26928.38|26928.1|26936.88|4.4012085
337|2023-10-14 04:05:00|26928.38|26924.16|26917.94|26930.59|7.674831500000001
338|2023-10-14 04:10:00|26924.17|26930.86|26922.6|26930.87|4.72615705
339|2023-10-14 04:15:00|26930.87|26919.27|26918.85|26936.05|7.8228048
340|2023-10-14 04:20:00|26919.27|26918.53|26917.33|26926.51|4.45790656
341|2023-10-14 04:25:00|26918.53|26922.91|26915.09|26930.62|4.95996743
342|2023-10-14 04:30:00|26922.91|26926.33|26921.74|26926.33|3.2257133200000006
343|2023-10-14 04:35:00|26926.33|26920.54|26918.51|26926.33|2.42506123
344|2023-10-14 04:40:00|26920.53|26922.13|26917.6|26928.03|4.02876289
345|2023-10-14 04:45:00|26922.13|26919.54|26905.53|26922.13|4.1164186
346|2023-10-14 04:50:00|26919.53|26911.85|26909.94|26919.53|3.62607397
347|2023-10-14 04:55:00|26911.86|26910.13|26900.23|26911.86|6.49063763
348|2023-10-14 05:00:00|26910.13|26899.51|26895.98|26911.04|7.65538633
349|2023-10-14 05:05:00|26899.51|26924.23|26898.71|26925.57|9.665079570000001
350|2023-10-14 05:10:00|26924.23|26929.87|26916.26|26932.32|3.72750554
351|2023-10-14 05:15:00|26929.88|26926.1|26915.2|26929.88|5.557214599999999
352|2023-10-14 05:20:00|26925.23|26928.53|26924.91|26928.53|1.18219056
353|2023-10-14 05:25:00|26928.53|26931.29|26925.21|26931.29|6.90351391
354|2023-10-14 05:30:00|26931.29|26935.26|26931.28|26939.28|5.8439909000000005
355|2023-10-14 05:35:00|26935.26|26909.76|26909.75|26939.49|5.50486831
356|2023-10-14 05:40:00|26909.75|26902.83|26901.85|26914.78|4.5149336700000005
357|2023-10-14 05:45:00|26902.83|26896.99|26892.39|26903.74|5.09114075
358|2023-10-14 05:50:00|26896.99|26885.83|26882.78|26900.51|6.10399391
359|2023-10-14 05:55:00|26885.82|26888.44|26884.88|26892.13|5.35985639
360|2023-10-14 06:00:00|26888.45|26899.39|26877.56|26899.83|12.40020068
361|2023-10-14 06:05:00|26898.18|26883.02|26881.59|26900.56|4.60755516
362|2023-10-14 06:10:00|26883.02|26881.49|26881.48|26892.06|5.79967791
363|2023-10-14 06:15:00|26881.49|26871.02|26871.01|26881.49|2.94170891
364|2023-10-14 06:20:00|26871.02|26856.18|26856.0|26872.81|11.3394209
365|2023-10-14 06:25:00|26856.17|26854.96|26850.9|26867.8|4.83722299
366|2023-10-14 06:30:00|26854.96|26867.85|26851.2|26869.73|5.15979299
367|2023-10-14 06:35:00|26869.76|26866.29|26859.0|26876.92|7.59916567
368|2023-10-14 06:40:00|26867.07|26864.3|26862.75|26869.81|3.4243786500000004
369|2023-10-14 06:45:00|26864.3|26867.03|26864.29|26871.83|4.623797140000001
370|2023-10-14 06:50:00|26867.03|26869.77|26859.21|26869.77|3.9137726400000004
371|2023-10-14 06:55:00|26869.76|26859.17|26857.26|26869.77|3.48059297
372|2023-10-14 07:00:00|26859.17|26850.0|26839.96|26865.97|7.58873703
373|2023-10-14 07:05:00|26850.0|26853.85|26850.0|26860.18|4.07597974
374|2023-10-14 07:10:00|26853.85|26856.48|26850.09|26859.13|1.9704449
375|2023-10-14 07:15:00|26856.48|26867.39|26845.89|26875.09|19.882632750000003
376|2023-10-14 07:20:00|26867.38|26864.57|26861.04|26873.71|3.26634372
377|2023-10-14 07:25:00|26864.56|26865.83|26861.1|26870.63|3.8437652300000003
378|2023-10-14 07:30:00|26865.84|26870.4|26865.83|26873.11|2.31015466
379|2023-10-14 07:35:00|26870.4|26864.73|26862.53|26870.93|2.85668521
380|2023-10-14 07:40:00|26864.72|26864.36|26862.92|26873.07|4.97217718
381|2023-10-14 07:45:00|26864.36|26864.2|26862.14|26868.55|4.15466849
382|2023-10-14 07:50:00|26864.21|26863.87|26859.32|26865.71|3.7440459600000002
383|2023-10-14 07:55:00|26864.84|26872.3|26858.88|26872.3|11.5767413
384|2023-10-14 08:00:00|26872.22|26879.16|26871.28|26884.93|12.705373349999999
385|2023-10-14 08:05:00|26879.16|26876.56|26874.06|26879.16|4.05147228
386|2023-10-14 08:10:00|26876.56|26852.97|26852.4|26876.56|8.57392482
387|2023-10-14 08:15:00|26852.97|26859.56|26850.68|26862.22|8.80660628
388|2023-10-14 08:20:00|26859.57|26857.86|26857.85|26862.22|2.0179958499999997
389|2023-10-14 08:25:00|26857.86|26855.17|26853.02|26859.11|4.39836954
390|2023-10-14 08:30:00|26855.91|26869.09|26853.02|26869.09|8.00321292
391|2023-10-14 08:35:00|26869.08|26849.86|26849.47|26869.08|7.94646808
392|2023-10-14 08:40:00|26849.86|26849.91|26841.07|26852.34|29.04387681
393|2023-10-14 08:45:00|26849.9|26853.95|26849.9|26855.76|3.8822833500000002
394|2023-10-14 08:50:00|26853.96|26853.94|26850.11|26853.96|6.437743
395|2023-10-14 08:55:00|26853.93|26867.19|26850.11|26867.19|14.25542064
396|2023-10-14 09:00:00|26867.19|26873.5|26867.19|26874.18|8.16825715
397|2023-10-14 09:05:00|26873.49|26880.68|26873.49|26880.68|3.16084672
398|2023-10-14 09:10:00|26880.67|26880.4|26877.38|26880.91|3.3224728900000002
399|2023-10-14 09:15:00|26880.39|26886.08|26878.1|26886.14|4.41025645
400|2023-10-14 09:20:00|26886.09|26876.77|26870.95|26886.09|3.01631792
401|2023-10-14 09:25:00|26876.76|26875.77|26870.21|26881.24|4.1822283
402|2023-10-14 09:30:00|26875.59|26875.16|26874.68|26878.04|0.94421731
403|2023-10-14 09:35:00|26875.15|26872.34|26870.08|26876.19|2.87564939
404|2023-10-14 09:40:00|26872.33|26874.22|26872.33|26877.81|2.57554853
405|2023-10-14 09:45:00|26874.22|26872.25|26871.08|26877.98|2.15391783
406|2023-10-14 09:50:00|26872.24|26876.54|26872.24|26877.46|1.31159982
407|2023-10-14 09:55:00|26876.54|26882.04|26876.54|26882.05|2.88886965
408|2023-10-14 10:00:00|26882.04|26881.85|26881.84|26887.99|8.903965119999999
409|2023-10-14 10:05:00|26881.85|26882.09|26881.84|26882.09|0.9281177
410|2023-10-14 10:10:00|26882.09|26889.07|26882.08|26890.87|5.18267466
411|2023-10-14 10:15:00|26889.06|26893.4|26885.41|26894.22|9.382228990000002
412|2023-10-14 10:20:00|26893.4|26890.9|26890.4|26893.4|4.28396007
413|2023-10-14 10:25:00|26890.9|26887.48|26886.51|26890.91|6.438028640000001
414|2023-10-14 10:30:00|26887.48|26895.09|26887.47|26896.72|7.76262685
415|2023-10-14 10:35:00|26895.09|26899.5|26890.53|26902.79|5.87712327
416|2023-10-14 10:40:00|26899.5|26891.5|26890.18|26899.51|1.8717005
417|2023-10-14 10:45:00|26891.49|26875.91|26875.9|26892.04|7.7453391
418|2023-10-14 10:50:00|26875.91|26869.42|26865.14|26879.34|5.674045639999999
419|2023-10-14 10:55:00|26869.42|26878.15|26869.01|26885.2|5.66855949
420|2023-10-14 11:00:00|26878.15|26878.44|26876.07|26880.63|1.54959225
421|2023-10-14 11:05:00|26878.43|26873.35|26873.34|26878.44|0.9201322
422|2023-10-14 11:10:00|26873.34|26868.52|26868.51|26875.11|5.09126323
423|2023-10-14 11:15:00|26868.52|26872.91|26865.47|26874.6|5.55108199
424|2023-10-14 11:20:00|26872.9|26868.0|26864.62|26873.37|2.16792086
425|2023-10-14 11:25:00|26868.0|26870.24|26863.28|26870.24|7.80532459
426|2023-10-14 11:30:00|26870.24|26869.95|26868.66|26871.15|3.3657294899999997
427|2023-10-14 11:35:00|26869.43|26862.4|26862.0|26869.43|3.2560353600000003
428|2023-10-14 11:40:00|26862.39|26860.33|26860.0|26863.36|2.11175234
429|2023-10-14 11:45:00|26860.32|26861.98|26847.17|26863.1|11.15117913
430|2023-10-14 11:50:00|26861.98|26865.98|26861.18|26868.67|4.43723745
431|2023-10-14 11:55:00|26865.97|26873.29|26864.15|26874.26|3.94279265
432|2023-10-14 12:00:00|26873.29|26870.44|26865.21|26877.43|3.4879107100000004
433|2023-10-14 12:05:00|26870.39|26861.35|26858.6|26872.2|6.30961912
434|2023-10-14 12:10:00|26861.35|26858.13|26847.62|26861.35|38.259054510000006
435|2023-10-14 12:15:00|26858.12|26854.43|26854.42|26859.16|2.6168087799999995
436|2023-10-14 12:20:00|26854.42|26849.96|26849.95|26858.37|2.2568764999999997
437|2023-10-14 12:25:00|26849.96|26857.09|26849.96|26857.09|3.95415737
438|2023-10-14 12:30:00|26856.71|26856.65|26854.16|26859.46|3.2363069499999995
439|2023-10-14 12:35:00|26856.43|26858.76|26852.86|26861.13|4.17979357
440|2023-10-14 12:40:00|26858.76|26859.3|26854.68|26859.69|7.5395122699999995
441|2023-10-14 12:45:00|26859.3|26880.02|26859.29|26882.78|9.82576446
442|2023-10-14 12:50:00|26880.01|26891.64|26877.95|26893.23|7.37804538
443|2023-10-14 12:55:00|26891.64|26892.87|26886.95|26898.26|13.366777149999999
444|2023-10-14 13:00:00|26892.87|26894.81|26892.87|26901.13|9.469911250000001
445|2023-10-14 13:05:00|26894.82|26892.86|26885.84|26895.78|7.11033192
446|2023-10-14 13:10:00|26892.85|26891.89|26888.0|26897.12|3.3331342699999995
447|2023-10-14 13:15:00|26892.58|26899.5|26891.62|26899.98|2.42320524
448|2023-10-14 13:20:00|26899.5|26906.21|26899.5|26908.3|14.47891458
449|2023-10-14 13:25:00|26908.5|26884.06|26879.8|26911.71|18.79609498
450|2023-10-14 13:30:00|26884.75|26894.9|26880.79|26895.78|3.7586318299999997
451|2023-10-14 13:35:00|26894.9|26890.94|26887.28|26894.9|4.23342652
452|2023-10-14 13:40:00|26890.94|26909.84|26890.62|26911.18|9.69466398
453|2023-10-14 13:45:00|26909.85|26890.42|26887.14|26917.21|33.62351142
454|2023-10-14 13:50:00|26890.41|26897.83|26886.13|26897.83|3.37072411
455|2023-10-14 13:55:00|26897.83|26907.68|26891.31|26910.31|21.68824441
456|2023-10-14 14:00:00|26907.68|26905.01|26895.23|26911.79|5.78979762
457|2023-10-14 14:05:00|26905.01|26905.3|26895.62|26905.63|6.02827865
458|2023-10-14 14:10:00|26905.31|26906.2|26901.15|26906.36|4.61876679
459|2023-10-14 14:15:00|26906.2|26897.66|26891.12|26911.55|12.1742619
460|2023-10-14 14:20:00|26897.66|26898.33|26897.03|26901.41|6.8162465
461|2023-10-14 14:25:00|26898.32|26898.42|26894.66|26900.1|3.88940975
462|2023-10-14 14:30:00|26897.7|26888.34|26881.34|26899.24|26.08943351
463|2023-10-14 14:35:00|26888.35|26874.46|26870.43|26888.35|9.09592857
464|2023-10-14 14:40:00|26874.83|26880.5|26873.6|26883.71|7.8494397
465|2023-10-14 14:45:00|26880.36|26889.23|26878.72|26889.23|8.833814669999999
466|2023-10-14 14:50:00|26889.22|26882.62|26881.43|26891.83|7.39584292
467|2023-10-14 14:55:00|26883.1|26886.05|26881.45|26886.98|3.12114464
468|2023-10-14 15:00:00|26886.05|26885.11|26884.87|26894.78|4.20165361
469|2023-10-14 15:05:00|26885.32|26902.38|26881.51|26902.38|12.43112031
470|2023-10-14 15:10:00|26902.37|26904.89|26894.63|26905.07|15.263899930000001
471|2023-10-14 15:15:00|26902.92|26917.37|26902.59|26918.72|11.63054185
472|2023-10-14 15:20:00|26917.3|26894.94|26884.28|26917.89|21.74937112
473|2023-10-14 15:25:00|26894.95|26895.32|26892.28|26900.63|6.43028228
474|2023-10-14 15:30:00|26895.31|26894.86|26888.86|26896.16|5.63922237
475|2023-10-14 15:35:00|26894.87|26911.04|26894.87|26912.88|6.18569119
476|2023-10-14 15:40:00|26909.59|26922.68|26904.45|26924.56|9.95181666
477|2023-10-14 15:45:00|26923.47|26934.48|26907.71|26934.49|19.53581789
478|2023-10-14 15:50:00|26934.49|26933.99|26922.72|26934.49|22.11685361
479|2023-10-14 15:55:00|26933.99|26940.8|26922.74|26948.78|23.85610539
480|2023-10-14 16:00:00|26940.8|26945.02|26922.62|26953.17|20.60138143
481|2023-10-14 16:05:00|26944.43|26931.59|26928.24|26951.72|20.115004770000002
482|2023-10-14 16:10:00|26930.69|26930.94|26916.92|26933.06|16.38092605
483|2023-10-14 16:15:00|26930.93|26921.64|26917.62|26939.87|17.57648719
484|2023-10-14 16:20:00|26921.63|26916.64|26907.18|26921.64|16.82985735
485|2023-10-14 16:25:00|26916.64|26916.99|26908.93|26917.91|17.07720373
486|2023-10-14 16:30:00|26916.98|26906.02|26906.01|26923.06|9.47162914
487|2023-10-14 16:35:00|26906.02|26912.98|26903.34|26912.98|4.4371721
488|2023-10-14 16:40:00|26912.98|26910.64|26909.77|26916.87|12.02029212
489|2023-10-14 16:45:00|26910.63|26915.6|26910.63|26916.61|11.275848170000002
490|2023-10-14 16:50:00|26913.61|26922.71|26913.61|26923.1|11.029499399999999
491|2023-10-14 16:55:00|26922.71|26929.78|26922.71|26933.95|9.61430648
492|2023-10-14 17:00:00|26929.77|26928.69|26924.31|26933.88|14.425699750000001
493|2023-10-14 17:05:00|26928.69|26925.0|26925.0|26931.28|14.502598819999998
494|2023-10-14 17:10:00|26925.01|26890.51|26889.68|26925.01|30.53544401
495|2023-10-14 17:15:00|26890.5|26913.72|26890.5|26914.77|8.60483287
496|2023-10-14 17:20:00|26913.71|26912.7|26901.59|26914.3|8.91476992
497|2023-10-14 17:25:00|26912.69|26891.03|26886.95|26912.69|13.23700493
498|2023-10-14 17:30:00|26891.03|26889.62|26881.35|26893.37|10.877658529999998
499|2023-10-14 17:35:00|26890.01|26891.54|26889.28|26903.67|11.22369116
500|2023-10-14 17:40:00|26891.54|26892.84|26889.53|26897.84|8.75452877
501|2023-10-14 17:45:00|26892.85|26892.86|26890.22|26897.83|7.518053329999999
502|2023-10-14 17:50:00|26892.86|26894.3|26892.85|26895.8|5.029168460000001
503|2023-10-14 17:55:00|26894.3|26890.33|26890.01|26894.3|7.295646479999999
504|2023-10-14 18:00:00|26890.33|26890.47|26889.53|26892.94|8.434734390000001
505|2023-10-14 18:05:00|26890.47|26881.36|26881.35|26890.47|13.77249815
506|2023-10-14 18:10:00|26881.36|26877.21|26867.71|26881.36|24.538649980000002
507|2023-10-14 18:15:00|26877.21|26877.78|26874.62|26885.79|10.71709398
508|2023-10-14 18:20:00|26878.45|26881.38|26873.77|26882.62|7.76791362
509|2023-10-14 18:25:00|26881.37|26881.05|26873.21|26887.74|12.715901330000001
510|2023-10-14 18:30:00|26881.06|26881.06|26872.15|26881.06|11.57513701
511|2023-10-14 18:35:00|26881.05|26889.32|26881.05|26889.32|7.53428765
512|2023-10-14 18:40:00|26889.31|26877.83|26873.21|26889.31|10.00673841
513|2023-10-14 18:45:00|26877.83|26873.95|26870.56|26877.83|9.84475402
514|2023-10-14 18:50:00|26873.36|26871.94|26871.14|26877.38|6.8442187
515|2023-10-14 18:55:00|26871.93|26876.16|26870.0|26881.42|9.70750129
516|2023-10-14 19:00:00|26876.16|26868.48|26863.32|26878.1|10.53944389
517|2023-10-14 19:05:00|26868.47|26872.8|26864.5|26873.91|8.627835350000002
518|2023-10-14 19:10:00|26872.79|26861.58|26860.0|26872.8|11.67081945
519|2023-10-14 19:15:00|26861.58|26876.65|26859.27|26877.41|13.29572534
520|2023-10-14 19:20:00|26876.65|26874.53|26873.22|26882.15|9.547535530000001
521|2023-10-14 19:25:00|26874.52|26877.35|26870.12|26877.35|7.646999849999999
522|2023-10-14 19:30:00|26877.35|26864.49|26864.06|26883.76|35.50616706
523|2023-10-14 19:35:00|26864.49|26866.36|26863.34|26868.99|3.80416431
524|2023-10-14 19:40:00|26866.36|26862.02|26850.22|26866.48|15.20778296
525|2023-10-14 19:45:00|26862.02|26862.66|26855.3|26862.66|5.7423623
526|2023-10-14 19:50:00|26862.66|26868.24|26862.6|26869.71|5.696664370000001
527|2023-10-14 19:55:00|26868.24|26866.15|26865.47|26868.83|3.9098856399999997
528|2023-10-14 20:00:00|26865.58|26855.01|26855.0|26865.96|7.981516259999999
529|2023-10-14 20:05:00|26855.01|26861.75|26855.01|26861.91|10.5211101
530|2023-10-14 20:10:00|26861.75|26857.06|26857.06|26867.92|9.81264771
531|2023-10-14 20:15:00|26857.06|26854.0|26850.01|26857.07|7.5813273500000005
532|2023-10-14 20:20:00|26854.01|26856.46|26854.0|26856.46|3.9087484100000003
533|2023-10-14 20:25:00|26856.45|26832.4|26824.48|26856.45|49.18245607
534|2023-10-14 20:30:00|26832.4|26846.85|26825.12|26852.03|16.59703389
535|2023-10-14 20:35:00|26846.85|26847.33|26846.84|26847.33|3.0401308
536|2023-10-14 20:40:00|26847.33|26847.01|26847.0|26848.37|5.34195184
537|2023-10-14 20:45:00|26847.01|26850.09|26845.09|26851.61|8.17513215
538|2023-10-14 20:50:00|26850.09|26845.35|26838.98|26850.57|5.0384853
539|2023-10-14 20:55:00|26845.34|26848.86|26842.78|26849.75|7.60212161
540|2023-10-14 21:00:00|26848.87|26868.75|26848.87|26879.56|14.349361199999999
541|2023-10-14 21:05:00|26868.75|26883.53|26865.14|26887.35|12.25706024
542|2023-10-14 21:10:00|26884.66|26867.76|26863.83|26887.48|15.30096939
543|2023-10-14 21:15:00|26867.75|26867.77|26867.75|26869.85|5.835607909999999
544|2023-10-14 21:20:00|26867.77|26831.17|26831.17|26867.77|14.425736030000001
545|2023-10-14 21:25:00|26831.17|26812.33|26797.0|26831.17|31.99228178
546|2023-10-14 21:30:00|26812.33|26828.67|26810.34|26845.32|20.661725410000003
547|2023-10-14 21:35:00|26828.75|26822.79|26820.01|26835.68|6.86659294
548|2023-10-14 21:40:00|26822.78|26826.1|26817.2|26834.21|15.66724471
549|2023-10-14 21:45:00|26826.51|26828.85|26823.63|26831.97|8.39703832
550|2023-10-14 21:50:00|26828.85|26821.47|26820.7|26828.86|6.51392617
551|2023-10-14 21:55:00|26821.47|26817.99|26815.0|26822.48|13.969459950000001
552|2023-10-14 22:00:00|26818.0|26828.22|26817.99|26835.72|9.80535515
553|2023-10-14 22:05:00|26828.22|26827.16|26820.46|26832.48|17.01775898
554|2023-10-14 22:10:00|26827.16|26833.05|26821.37|26835.7|8.43271313
555|2023-10-14 22:15:00|26833.89|26835.87|26827.52|26836.02|6.8136451099999995
556|2023-10-14 22:20:00|26835.87|26835.54|26826.8|26841.02|16.287657929999998
557|2023-10-14 22:25:00|26835.53|26832.75|26830.88|26837.72|6.401191760000001
558|2023-10-14 22:30:00|26832.74|26833.73|26824.71|26836.85|15.564659599999999
559|2023-10-14 22:35:00|26834.69|26839.13|26828.7|26840.22|4.15873202
560|2023-10-14 22:40:00|26839.13|26835.5|26832.32|26840.24|6.46933587
561|2023-10-14 22:45:00|26835.5|26844.09|26835.12|26844.1|4.2076258499999994
562|2023-10-14 22:50:00|26844.09|26847.17|26844.09|26857.95|8.67296476
563|2023-10-14 22:55:00|26847.74|26849.09|26847.69|26857.41|6.459059610000001
564|2023-10-14 23:00:00|26849.09|26858.48|26849.09|26863.1|9.30039503
565|2023-10-14 23:05:00|26858.49|26867.27|26858.49|26869.18|9.34607535
566|2023-10-14 23:10:00|26868.69|26863.84|26862.35|26871.05|8.54054818
567|2023-10-14 23:15:00|26863.84|26864.34|26857.02|26867.92|10.156115660000001
568|2023-10-14 23:20:00|26864.35|26863.89|26859.79|26871.43|11.88990618
569|2023-10-14 23:25:00|26863.89|26862.39|26859.8|26867.63|8.716276259999999
570|2023-10-14 23:30:00|26863.7|26860.51|26854.65|26864.98|10.798592179999998
571|2023-10-14 23:35:00|26860.52|26861.71|26851.12|26861.71|14.169888039999998
572|2023-10-14 23:40:00|26861.71|26861.4|26857.05|26868.3|8.32420886
573|2023-10-14 23:45:00|26861.01|26861.01|26858.57|26863.53|6.03097317
574|2023-10-14 23:50:00|26859.77|26861.85|26857.66|26863.01|8.595011730000001
575|2023-10-14 23:55:00|26861.84|26851.71|26851.52|26864.68|10.86466988
576|2023-10-15 00:00:00|26851.71|26845.47|26841.02|26858.62|7.18986741
577|2023-10-15 00:05:00|26845.94|26851.74|26842.44|26854.94|6.806336959999999
578|2023-10-15 00:10:00|26851.73|26846.63|26840.91|26851.73|11.29347765
579|2023-10-15 00:15:00|26846.64|26843.08|26841.77|26852.24|5.7183107799999995
580|2023-10-15 00:20:00|26843.08|26833.45|26833.44|26848.39|5.11777955
581|2023-10-15 00:25:00|26833.45|26835.31|26832.81|26839.49|4.93544099
582|2023-10-15 00:30:00|26835.31|26832.62|26830.62|26836.74|3.64956533
583|2023-10-15 00:35:00|26832.52|26819.08|26814.11|26833.21|9.896861399999999
584|2023-10-15 00:40:00|26818.35|26837.56|26813.25|26839.43|15.71579517
585|2023-10-15 00:45:00|26837.55|26835.43|26833.19|26838.02|5.724194559999999
586|2023-10-15 00:50:00|26835.42|26828.95|26822.7|26835.43|7.819066940000001
587|2023-10-15 00:55:00|26828.96|26849.79|26828.95|26852.33|17.60717129
588|2023-10-15 01:00:00|26849.78|26850.33|26844.26|26854.46|5.99980577
589|2023-10-15 01:05:00|26850.33|26855.54|26847.07|26859.59|9.149541339999999
590|2023-10-15 01:10:00|26855.53|26854.46|26850.86|26855.99|6.376998670000001
591|2023-10-15 01:15:00|26854.56|26860.71|26852.09|26860.71|4.771979
592|2023-10-15 01:20:00|26860.7|26857.13|26854.73|26861.79|5.69211593
593|2023-10-15 01:25:00|26857.13|26861.65|26857.13|26861.65|4.02658293
594|2023-10-15 01:30:00|26861.62|26863.04|26861.62|26874.9|14.38975628
595|2023-10-15 01:35:00|26863.04|26878.07|26862.48|26878.45|7.013101590000001
596|2023-10-15 01:40:00|26878.08|26896.38|26873.9|26900.0|24.37798153
597|2023-10-15 01:45:00|26896.38|26901.57|26891.84|26911.74|8.62708776
598|2023-10-15 01:50:00|26901.6|26890.9|26885.21|26901.6|10.92882701
599|2023-10-15 01:55:00|26890.9|26892.67|26888.54|26902.77|7.238884130000001
600|2023-10-15 02:00:00|26893.19|26902.54|26893.19|26906.47|11.4050153
601|2023-10-15 02:05:00|26902.54|26887.54|26876.56|26902.54|25.53016807
602|2023-10-15 02:10:00|26887.39|26885.0|26881.44|26891.21|7.103139130000001
603|2023-10-15 02:15:00|26885.0|26878.87|26873.15|26889.28|15.5593288
604|2023-10-15 02:20:00|26878.87|26875.82|26875.61|26879.44|5.0153075199999995
605|2023-10-15 02:25:00|26875.82|26881.28|26870.64|26881.56|7.983993969999999
606|2023-10-15 02:30:00|26880.56|26885.47|26877.04|26886.26|6.36591586
607|2023-10-15 02:35:00|26885.19|26885.96|26881.67|26886.51|3.3545882099999997
608|2023-10-15 02:40:00|26886.5|26891.11|26885.27|26892.27|6.324766070000001
609|2023-10-15 02:45:00|26891.11|26889.82|26886.74|26891.71|5.14516203
610|2023-10-15 02:50:00|26889.82|26889.11|26880.22|26889.82|8.18784986
611|2023-10-15 02:55:00|26889.11|26885.72|26880.77|26889.33|5.477449420000001
612|2023-10-15 03:00:00|26885.72|26880.08|26880.01|26888.52|6.58780516
613|2023-10-15 03:05:00|26880.08|26885.73|26878.48|26887.56|6.4849223
614|2023-10-15 03:10:00|26885.73|26895.36|26885.72|26895.37|4.36368026
615|2023-10-15 03:15:00|26895.37|26898.1|26892.79|26898.76|9.10005854
616|2023-10-15 03:20:00|26898.1|26901.25|26897.96|26901.54|6.92584725
617|2023-10-15 03:25:00|26900.12|26897.85|26896.67|26905.89|7.68146851
618|2023-10-15 03:30:00|26897.85|26902.76|26897.85|26911.15|8.25147165
619|2023-10-15 03:35:00|26902.76|26890.78|26889.38|26902.81|9.289504220000001
620|2023-10-15 03:40:00|26890.77|26891.65|26888.36|26894.88|9.983455419999999
621|2023-10-15 03:45:00|26891.65|26888.43|26883.7|26894.62|11.4861981
622|2023-10-15 03:50:00|26888.42|26876.72|26876.13|26888.67|7.369863519999999
623|2023-10-15 03:55:00|26876.72|26881.74|26876.72|26883.64|9.94391717
624|2023-10-15 04:00:00|26881.74|26886.4|26881.73|26891.6|3.87767754
625|2023-10-15 04:05:00|26886.39|26885.44|26883.19|26887.04|9.27575379
626|2023-10-15 04:10:00|26885.43|26880.32|26875.51|26885.43|11.09569898
627|2023-10-15 04:15:00|26880.33|26879.46|26875.04|26884.07|6.16644683
628|2023-10-15 04:20:00|26879.11|26881.8|26878.84|26886.97|4.89017501
629|2023-10-15 04:25:00|26881.79|26881.48|26879.73|26886.04|4.27067197
630|2023-10-15 04:30:00|26881.48|26888.26|26879.99|26889.21|2.79025309
631|2023-10-15 04:35:00|26888.25|26874.57|26874.04|26888.26|12.15092691
632|2023-10-15 04:40:00|26874.57|26878.11|26869.73|26878.11|8.62200103
633|2023-10-15 04:45:00|26878.11|26877.76|26871.67|26878.48|5.45464139
634|2023-10-15 04:50:00|26877.76|26880.55|26877.76|26880.55|1.4012264399999999
635|2023-10-15 04:55:00|26880.54|26883.85|26876.52|26885.94|6.34679925
636|2023-10-15 05:00:00|26883.86|26880.85|26877.84|26887.51|4.91026711
637|2023-10-15 05:05:00|26880.53|26879.88|26877.84|26881.55|5.95932062
638|2023-10-15 05:10:00|26879.88|26880.28|26878.9|26880.29|4.40035414
639|2023-10-15 05:15:00|26880.28|26884.36|26880.27|26886.09|4.03773634
640|2023-10-15 05:20:00|26884.36|26884.15|26882.29|26884.93|4.07353828
641|2023-10-15 05:25:00|26884.16|26885.04|26883.77|26887.14|4.50381327
642|2023-10-15 05:30:00|26885.05|26883.48|26881.47|26885.06|4.37002265
643|2023-10-15 05:35:00|26883.48|26881.24|26878.91|26886.22|6.0974318
644|2023-10-15 05:40:00|26881.24|26884.13|26881.23|26884.69|0.82167148
645|2023-10-15 05:45:00|26884.12|26884.33|26884.12|26884.33|3.27948057
646|2023-10-15 05:50:00|26884.33|26882.8|26880.04|26884.63|2.98573419
647|2023-10-15 05:55:00|26882.8|26882.26|26881.28|26885.3|1.9840492299999999
648|2023-10-15 06:00:00|26881.31|26881.89|26881.31|26882.43|1.77113502
649|2023-10-15 06:05:00|26881.89|26882.58|26880.91|26882.58|6.37070931
650|2023-10-15 06:10:00|26882.58|26872.69|26871.8|26882.58|4.88601624
651|2023-10-15 06:15:00|26872.68|26878.64|26872.68|26878.64|5.9781992200000005
652|2023-10-15 06:20:00|26878.63|26878.05|26878.04|26878.64|4.6211493400000005
653|2023-10-15 06:25:00|26878.05|26875.16|26873.1|26878.05|4.504108359999999
654|2023-10-15 06:30:00|26875.15|26875.16|26874.37|26875.16|3.3938333099999998
655|2023-10-15 06:35:00|26875.16|26877.29|26874.56|26877.29|6.294897580000001
656|2023-10-15 06:40:00|26877.28|26874.66|26874.58|26878.6|1.8224691499999999
657|2023-10-15 06:45:00|26874.66|26877.21|26874.65|26878.06|3.9093362699999994
658|2023-10-15 06:50:00|26876.87|26877.37|26876.22|26878.61|2.8819275500000003
659|2023-10-15 06:55:00|26877.35|26878.64|26876.91|26880.06|5.85290283
660|2023-10-15 07:00:00|26878.63|26879.2|26877.37|26880.06|9.592295589999999
661|2023-10-15 07:05:00|26879.2|26879.19|26879.19|26879.2|1.1735461699999998
662|2023-10-15 07:10:00|26879.2|26879.44|26877.65|26880.04|2.0043723
663|2023-10-15 07:15:00|26879.43|26874.88|26874.56|26879.43|2.75100043
664|2023-10-15 07:20:00|26874.88|26874.6|26871.18|26874.89|7.1361022300000005
665|2023-10-15 07:25:00|26874.61|26878.71|26874.29|26879.22|6.21395812
